Achat;Compra;En Orient, il est de costume de marchander ses achats;10/12/2021;5;2;20;10;mine;name;-
Affinité;Afinitat;Je n'ai aucune affinité avec mes voisins;23/11/2021;5;2;20;10;lecture6;name;-
Agir, Agit;Actuar;Le maire agit dans l'intérêt de sa communauté;25/12/2021;6;2,1;42;10;mine;verb;-
Allergologue;Alergoleg;L'allergologue est le docteur qui connaît des allergies;06/12/2021;6;1,9;30;10;lecture4;name;-
Allocation;Subsidi;Heureusement, Gérard touchait les allocations chômage pour l'aider à traverser cette période difficile;16/12/2021;6;1,86;26;10;lecture6;name;-
Alors;Llavors;Elle ne savait pas ni lire ni écrire alors, elle a appris;23/12/2021;6;2,1;42;10;lecture4;adverb;-
Analyser;Analitzar;Ce laboratoire va analyser la saliver et rédiger un rapport;20/12/2021;6;1,9;30;10;lecture5;verb;-
Ancêtre;Ancestre;Identifier de nouveaux ancêtres sur plusieurs générations;25/12/2021;6;2,1;42;10;lecture5;name;-
Apaisant;Apaciguador;Marie a prononcé des paroles apaisantes après leur dispute;27/11/2021;5;1,8;16;10;mine;adjective;-
Apporter, Apporte;Porta;Apporte tes livres et nous étudierons ensamble;23/11/2021;2;1,5;3;3;lecture8;verb;-
Atteindre, Atteindrons;Arribar a;Nous atteindrons Paris avant la nuit;22/11/2021;0;1,3;2;1;lecture7;verb;-
Attendre un Objectif;Lograr un objectiu;Le gouvernement veut attendre un objectif plus large;26/11/2021;6;1,66;15;10;lecture6;idiom;-
Au Moins;Almenys;Il y aurait au moins pour 150 £ pour faire réparer cette télévision;02/12/2021;4;1,98;12;8;lecture6;adverb;-
Au contraire;Al contrario;Ça me gêne ? Au contraire, Je serais ravi de te rendre service;10/12/2021;5;2;20;10;lecture9;adverb;-
Avoir Fait Failite, A Fait Failite;Ha fet fallida;L'entreprise a fait failite, alors les employés sont au chômage;20/12/2021;6;1,9;30;10;mine;idiom;-
Avoir envie de, Ont envie de;Volen;Ils ont envie de retrouver leurs racines;27/11/2021;5;1,8;16;10;lecture8;prep verb;-
Avoir l'intention de, Ont l'intention de;Tenir l'intenció de;Tous ont l'intention de profiter de l'entreprise;06/12/2021;5;1,8;16;10;lecture8;prep verb;-
Aîné;El més gran;L'adolescent de 15 ans, l'aîné d'une fratrie de quatre enfants, s'occupe de ses frères et sœurs comme un père;23/11/2021;2;1,5;3;3;mine;adjective;-
Bagage Culturel;Bagatge cultural;Ce musée te permet enrichir ton bagage culturel;23/11/2021;5;2;20;10;lecture6;name;-
Baies Sauvages;Wild berries;Après leur naufrage, ils durent leur survie aux baies sauvages;01/12/2021;5;2;20;10;mine;name;-
Bonheur;Alegría;Quel bonheur de vous revoir !;23/11/2021;5;2;20;10;lecture6;name;-
Bougie;Vela;Il y a toujours des bougies sur un gâteau d'anniversaire;20/12/2021;6;1,9;30;10;lecture6;name;-
Boulot;Curro;J'ai trouvé un boulot dans le bâtiment;23/12/2021;6;2,1;42;10;lecture4;name;-
Boîte;Dico;Je suis allé en boîte avec des potes célibataires.;17/12/2021;6;2,1;42;10;mine;name;-
But;Gol;Messi a marqué un but;23/12/2021;6;2,1;42;10;lecture4;name;-
Bâtiment;Construcció;J'ai trouvé un boulot dans le bâtiment;23/12/2021;6;2,1;42;10;lecture4;name;-
Béquille;Muleta;Lucie s'est fracturé la cheville et devra marcher avec des béquilles;23/11/2021;5;2;20;10;lecture5;name;-
C'est Décidé;Está decidit;Je suis prête à rentrer au pays, c'est décidé !;29/11/2021;5;1,8;16;10;lecture8;idiom;-
C'est ne pas mon truc;No es la meva cosa;Ça ne me plaît pas, C'est ne pas mon truc;27/11/2021;5;1,8;16;10;lecture6;idiom;-
Cabinet de recrutement;Agencia de contratació;Profoliogy n'est-il pas juste un cabinet de recrutement de personel spécialisé;22/11/2021;0;1,34;2;1;lecture8;name;-
Cendrillon;cenicienta;La marâtre de Cendrillon était odieuse avec elle.;22/11/2021;0;1,3;2;1;mine;name;-
Cheville;Turmell;Lucie s'est fracturé la cheville et devra marcher avec des béquilles;22/11/2021;0;1,3;2;1;mine;name;-
Chouette;Agradable;On a passé une chouette soirée;06/12/2021;5;1,8;16;10;lecture9;adjective;-
Collecte;Colecta;Une collecte a été organisée pour les victimes de l'explosion;25/12/2021;6;2,1;42;10;lecture5;name;-
Commun;Comú;Avec des résultats tu peux retrouver un ancêtre commun;25/12/2021;6;2,1;42;10;lecture5;adjective;-
Conjoint;Conjugue;J'ai parlerai ce soir avec mon conjoint;01/12/2021;5;2;20;10;lecture7;name;-
Contrairement à;Contrariament a;Contrairement à moi mon fils est un grand sportif;25/11/2021;3;1,68;5;5;lecture9;adverb;-
Coupé;Tallat;Elle est revenue les chevaux coupés;22/11/2021;0;1,38;2;1;lecture4;adjective;-
Courageux, Courageuse;Coratgosa;Les mois ont été durs mais ma grand-mère était courageuse;23/12/2021;6;2,1;42;10;lecture4;adjective;-
Couvert;Covert;Ce club de tennis compte deux courts couverts et six courts extérieurs;27/11/2021;5;1,8;16;10;lecture6;adjective;-
Couverture;Manta;Si vous avez froid il y a une couverture supplémentaire dans l'armoire;23/12/2021;6;2,1;42;10;lecture4;name;-
Creuser, Creuse;Cavar;Prends cette pelle et creuse;20/12/2021;6;1,9;30;10;lecture5;verb;-
Croissance;Creixement;La croissance des enfants dure jusqu'à l'adolescence;01/12/2021;5;2;20;10;lecture8;name;-
Crème Fouetté;Crema chantillí;Je suis contente parce que j'ai bien réussi ma crème fouetté;23/11/2021;5;2;20;10;mine;name;-
Cueillir;Collir;Je prends une échelle pour cueillir les fruits dans les arbres;27/11/2021;5;1,8;16;10;mine;verb;-
Cuite;Borrachera;Il est rentré du bar hier soir avec une bonne cuite;23/11/2021;5;2;20;10;lecture5;name;-
De Costume;Habitual;En Orient, il est de costume de marchander ses achats;05/12/2021;5;1,7;15;10;lecture9;adverb;-
Depuis;Desde;J'apprends le français depuis un an;25/12/2021;6;2,1;42;10;lecture5;adverb;-
Deviner, Deviné;Adivinar;J'ai deviné son âge en regardant ses yeux;25/12/2021;6;2,1;42;10;lecture5;verb;-
Devoirs;Deures;Est-ce qu'il y a des devoirs aujourd'hui?;23/12/2021;6;2,1;42;10;mine;name;-
Disparaître, Disparu;Desaparéixer;Le sous-marin a disparu sous les eaux;25/12/2021;6;2,1;42;10;mine;verb;-
Disparition;Desaparició;La pollution des rivières entraîne la disparition de bon nombre d'espèces;11/12/2021;6;1,9;30;10;mine;name;-
Données;Dades;Je manque de données pour pouvoir te répondre;20/12/2021;6;1,9;30;10;lecture5;name;-
Douce;Dolça;Son pays natal, la douce kabyle, lui manque;23/12/2021;6;2,1;42;10;lecture4;adjective;-
Drapeau;Bandera;Le drapeau de la Suisse est un croix blanche sur un fond rouge;01/12/2021;5;2;20;10;lecture8;name;-
Décider de, Décidé de;Decidit d';J'ai décidé de m'inscrire au cours de gym;01/12/2021;5;2;20;10;lecture8;prep verb;-
Découper, Découpe;Retallar;Le sachet doit être découpe en suivant les pointillés;20/12/2021;6;1,9;30;10;mine;verb;-
Déménager, Déménagé;Mudarse;Nous avons déménagé 2 fois en 1 an;01/12/2021;6;1,8;25;10;lecture5;verb;-
Embaucher, Embauche;Contracta;Le patron embauche un apprenti;01/12/2021;5;2;20;10;lecture8;verb;-
Emmener, emmenait;portar;sur le bateau qui l'emmenait en France;20/12/2021;6;1,9;30;10;lecture4;verb;-
Emploi Du temps;Horari;L'emploi du temps de mon chef est très chargé ce mois-ci;27/11/2021;5;1,8;16;10;lecture6;name;-
En Revanche;En canvi;C'est cheval n'est rapide mais en revanche il est très endurant;10/12/2021;5;2;20;10;lecture9;adverb;-
En plus;A mes a mes;En plus de son travail, elle fait du bénévolat auprès de personnes âgées;06/12/2021;6;1,9;30;10;mine;adverb;-
Encourager, Encouragent;Animar;Les supporters encouragent les sportifs;20/12/2021;6;1,9;30;10;lecture6;verb;-
Endurant;Resistent;C'est cheval n'est pas rapide mais en revanche il est très endurant;08/12/2021;5;1,76;18;10;mine;adjective;-
Enfuir, enfuit;Fugir;Il s'enfuit devant l'incendie;23/11/2021;2;1,56;3;3;lecture4;verb;-
Engeuler comme du poisson pourri;Echarle la bronca;Ma femme M'a Engeuler comme du poisson pourri tout ça parce que j'avais oublié de Sortir le linge;27/11/2021;5;1,7;14;10;lecture5;idiom;-
Ennuyeux;Aburrit;C'est un problème vraiment ennuyeux;28/11/2021;5;1,88;17;10;lecture6;adjective;-
Enregistrer, Enregistré;Grabar;J'ai enregistré tes chansons sur mon disque dur;23/11/2021;5;2;20;10;lecture6;verb;-
Entrepreneur;Empresari;Un entrepreneur a beaucoup de responsabilités;28/11/2021;5;1,9;17;10;lecture8;name;-
Entrer par Effraction, Entrèrent par Effraction;Entraren per la força;Les voleurs entrèrent par effraction, il doit changer sa porte.;25/11/2021;5;1,7;14;10;mine;verb;-
Entretien;Entrevista;Elle demande un entretien à son supérieur;01/12/2021;5;2;20;10;lecture8;name;-
Entretien D'embauche;Entrevista de treball;L'entretien d'embauche chez ABC aura lieu mardi;01/12/2021;5;2;20;10;lecture8;name;-
Envisager de, Envisageons de;Planeigar d';Nous envisageons de déménager à la campagne;29/11/2021;4;1,7;9;7;lecture8;prep verb;-
Espérance de vie;Esperança de vida;L'espérance de vie augmente dans les pays développés;23/11/2021;5;2;20;10;lecture6;name;-
Essor;Auge;L'industrie du tourisme est en plein essor;25/12/2021;6;2,1;42;10;lecture5;name;-
Faire de la recherche, Fait de la recherche;Fer investigació;Le docteur fait de la recherche avec ses patients;23/12/2021;6;2,1;42;10;lecture4;idiom;-
Faire du Bénévolat, Fait du Bénévolat;Fer voluntariat;En plus de son travail, elle fait du bénévolat auprès de personnes âgées;01/12/2021;6;1,8;25;10;lecture4;verb;-
Faire référence à, Fait Référence à;Fer referencia a;L'article de journal fait référence à une étude scientifique;27/11/2021;5;1,8;16;10;lecture6;idiom;-
Fouiller, Fouillé;Rebuscar;La police a fouillé le bureau et n'a rien trouvé;27/11/2021;5;1,8;16;10;lecture5;verb;-
Frapper, Frappé;Pegar;Le boxeur a frappé son adversaire au visage;27/11/2021;5;1,8;16;10;lecture5;verb;-
Fratrie;Germans;L'adolescent de 15 ans, l'aîné d'une fratrie de quatre enfants, s'occupe de ses frères et sœurs comme un père;01/12/2021;5;2;20;10;lecture7;name;-
Fusée;Cohet;L'Homme a envoyé des fusées sur la Lune;25/12/2021;6;2,1;42;10;mine;name;-
Gai, Gaie;Alegre;Tu ne t'enuieras pas avec Julie, elle est une fille gaie;22/11/2021;0;1,48;2;1;lecture6;adjective;-
Gaieté;Alegría;C'est un enfant rayonnante de gaieté;23/11/2021;5;2;20;10;lecture6;name;-
Gant;Guants;Jules porte toujours des gants blancs;25/12/2021;6;2,1;42;10;mine;name;-
Grandir, Grandit;Criar;Ton enfant grandit vite;25/12/2021;6;2,1;42;10;lecture5;verb;-
Grever, Grevé;Limitar;Le pouvoir d'achat est grevé par les loyers;22/11/2021;0;1,3;2;1;mine;verb;-
Gène;Gen;Certains gènes sont dominants, d'autres rècessifs;25/12/2021;6;2,1;42;10;lecture5;name;-
Généalogique;Genealógic;J'aime faire mon arbre généalogique;25/12/2021;6;2,1;42;10;lecture5;adjective;-
Génération;Generació;Identifier de nouveaux ancêtres sur plusieurs générations;25/12/2021;6;2,1;42;10;lecture5;name;-
Gêner, Me gêne;Em molesta;Ça me gêne ? Au contraire, Je serais ravi de te rendre service;06/12/2021;5;1,8;16;10;mine;verb;-
Habituer, habitue;Acostumbrarse;Je m'habitue à ma nouvelle voiture;23/11/2021;5;2;20;10;lecture6;verb;-
Imprimantes;Impresores;Toutes les imprimantes permettent maintenant la numérisation des documents;01/12/2021;6;1,8;25;10;mine;name;-
Interdire, Interdisent;Prohibir;Même si mes parents m'interdisent d'aller à la fête, je m'en fiche, j'irai quand même;25/12/2021;6;2,1;42;10;mine;verb;-
Intérêt;Interés;Le maire agit dans l'intérêt de sa communauté;25/12/2021;6;2,1;42;10;lecture5;name;-
Isolé;Aillat;Ils vivent dans un village isolé dans la montagne;23/11/2021;5;2;20;10;lecture6;adjective;-
J'en ai ras le bol;Ja en tinc prou;j'en ai ras le bol d'entendre tout le monde se rejeter;22/11/2021;0;1,3;2;1;lecture8;idiom;-
Je N'en Peux Plus;No puc més;J'ai l'impression que tout ce qui est en moi explose, je n'en peux plus;23/11/2021;2;1,4;3;3;lecture8;idiom;-
Je m'en fiche;No m'importa;Même si mes parents m'interdisent d'aller à la fête, je m'en fiche, j'irai quand même;25/12/2021;6;2,1;42;10;lecture5;idiom;-
Je m'en fous;Se m'en fot;Même si mes vieux m'interdisent d'aller en boîte, je m'en fous, j'irai quand même;25/12/2021;6;2,1;42;10;lecture5;idiom;-
Joue un rôle;Juga un rol;Il joue un rôle essentiel dans le cadre de réforme;23/11/2021;5;2;20;10;lecture6;idiom;-
Linge;Bugada;Chaque semaine, il faut laver et repasser le linge;25/12/2021;6;2,1;42;10;mine;name;-
Lointain;Llunyà;C'est un pays lointain;25/12/2021;6;2,1;42;10;lecture5;adjective;-
Lors;Durant;Lors de ce voyage, un temps libre est accordé chaque après-midi;01/12/2021;5;2;20;10;mine;adverb;-
Louer, Louerai;Llogar;Je voyagerai seule et je louerai une voiture;10/12/2021;5;2;20;10;lecture10;verb;-
Lumière;Llum;C'est la fête de la lumière chez les Tamouls;10/12/2021;5;2;20;10;lecture10;name;-
Lunettes;Ulleres;Avec ses lunettes, mon père n'a plus de problème pour lire;10/12/2021;5;2;20;10;lecture9;name;-
Maire;Alcalde;Le maire agit dans l'intérêt de sa communauté;20/12/2021;6;1,9;30;10;mine;name;-
Malheur;Desgracia;Si tu es dans le malheur, tu peux compter sur tes amis;23/11/2021;5;2;20;10;lecture6;name;-
Manquer, manque;Troba a faltar;Son pays natal, la douce kabyle, lui manque;23/12/2021;6;2,1;42;10;lecture4;verb;-
Marchander;Regateigar;En Orient, il est de costume de marchander ses achats;10/12/2021;5;2;20;10;lecture9;name;-
Masquer, Masque;Enmascarar;Ce palmier masque la piscine.;15/12/2021;6;2;34;10;mine;verb;-
Matière;Assignatura;Le grec est un matière de moins en moins enseignée;29/11/2021;5;1,8;16;10;lecture8;name;-
Maîtriser, Maîtrise;Domina;Il maîtrise bien le chinois;06/12/2021;5;1,8;16;10;lecture7;verb;-
Montée en Flèche;Pujada disparada;La consommation de produits chimiques industriels est montée en Flèche au cours des dernières décennies;28/11/2021;5;1,9;17;10;lecture7;idiom;-
Mouchoir;Mocador;J'ai un rhume, tu as un mouchoir ?;25/12/2021;6;2,1;42;10;mine;name;-
Moyen;Medio;Je vais trouver un moyen pour le faire venir;23/11/2021;5;2;20;10;lecture6;name;-
Métier;Profesió;Ce métier lui permet un bon niveau de vie;23/11/2021;5;2;20;10;mine;name;-
Nain de jardin;Nan de jardi;Mon fils a renversé mon nain de jardin en jouant;06/12/2021;6;1,9;30;10;mine;name;-
Naufrage;Naufragi;Après leur naufrage, ils durent leur survie aux baies sauvages;01/12/2021;5;2;20;10;mine;name;-
Niveau de vie;Nivel de vida;Ce métier lui permet un bon niveau de vie;23/11/2021;5;2;20;10;lecture6;name;-
Nostalgique;Nostalgica;Ma grand-mère est parfois nostalgique de son pays natal;23/12/2021;6;2,1;42;10;lecture4;adjective;-
Nougat;Turró;J'aime le nougat de chocolat;25/12/2021;6;2,1;42;10;lecture5;name;-
Noël;Nadal;Le 25 décembre les chrétiens fêtent Noël;25/12/2021;6;2,1;42;10;lecture5;name;-
Numérisation;Digitalització;Toutes les imprimantes permettent maintenant la numérisation des documents;25/12/2021;6;2,1;42;10;lecture5;name;-
Odieuse;odiosa;La marâtre de Cendrillon était odieuse avec elle.;22/11/2021;1;1,6;2;2;mine;adjective;-
Pacte civil de solidarité;parella de fet;le PACS, pacte civil de solidarité, enregistré par un juge, et qui constitue une sorte de substitut au mariage;17/12/2021;6;2,1;42;10;lecture3;name;-
Par contre;Per contra;Ces tomates sont chères, par contre elles sont excellentes;10/12/2021;5;2;20;10;lecture9;adverb;-
Parole;Lletra;Marie a prononcé des paroles apaisantes après leur dispute;25/12/2021;6;2,1;42;10;lecture5;name;-
Partager, Partagé;Compartir;J'ai partagé la plaquette de chocolat entre les enfants;06/12/2021;5;1,8;16;10;lecture6;verb;-
Patient;Pacient;Le docteur reçoit ses patients tous les après-midis;23/12/2021;6;2,1;42;10;lecture4;name;-
Pelle;Pala;Prends cette pelle et creuse;25/12/2021;6;2,1;42;10;lecture5;name;-
Penser à, Pense à;Pensar amb;Je pense à Julie depuis son départ;01/12/2021;5;2;20;10;lecture8;prep verb;-
Perdu, perdue;Perdut;Elle étiait perdue dans cette grand ville;23/12/2021;6;2,1;42;10;lecture4;adjective;-
Pire;Pitjor;Ses notes sont pires que les tiennes;25/12/2021;6;2,1;42;10;lecture5;adverb;-
Pisser;Pixar;Les femmes vont aux toilettes, les hommes vont pisser;25/11/2021;5;1,76;14;10;lecture8;verb;-
Pointillés;Línea de punts;Le sachet doit être découpe en suivant les pointillés;06/12/2021;5;1,8;16;10;lecture5;name;-
Pollution;Contaminació;La pollution des rivières entraîne la disparition de bon nombre d'espèces;25/12/2021;6;2,1;42;10;lecture5;name;-
Pouvoir D'achat;Poder adquisitiu;Le pouvoir d'achat est grevé par les loyers;27/11/2021;5;1,8;16;10;lecture5;name;-
Prendre soin de, prend soin de;cuidar de;Mon fils prend soin de ses jouets;01/12/2021;5;2;20;10;lecture7;idiom;-
Printemps;Primavera;Dans l'hémisphère nord le printemps s'étend de mars à juin;10/12/2021;5;2;20;10;lecture10;name;-
Profiter, profité;Aprofitar;J'ai profité du beau temps pour aller me promener;23/11/2021;5;2;20;10;lecture6;verb;-
Provenir;Provenir;De quels continents peuvent provenir mes ancêtres;20/12/2021;6;1,9;30;10;lecture5;verb;-
Pâte;Pasta;L'Italie est spécialiste des pâtes;25/12/2021;6;2,1;42;10;lecture5;name;-
Quitter, Quitté;Sortir;Il a quitté son travail à 17 heures.;01/12/2021;5;2;20;10;lecture8;verb;-
Raccourci;Drecera;Je connais un raccourci pour aller au centre-ville;20/12/2021;6;1,9;30;10;lecture5;name;-
Raconter, Racontait;Relatar;Le soir, ma grand-mère nous racontait des histoires de son enfance;27/11/2021;5;1,8;16;10;lecture4;verb;-
Ravi;Feliç;Ça me gêne ? Au contraire, Je serais ravi de te rendre service;06/12/2021;5;1,8;16;10;mine;adjective;-
Recevoir, Reçoit;Rebre;Le docteur reçoit ses patients tous les après-midis;23/12/2021;6;2,1;42;10;mine;verb;-
Renverser, renversé;Volcar;Mon fils a renversé mon nain de jardin en jouant;06/12/2021;5;1,8;16;10;lecture4;verb;-
Repas;Apat;Le souper est le repas du soir;25/12/2021;6;2,1;42;10;lecture5;name;-
Repasser;Planxar;Chaque semaine, il faut laver et repasser le linge;24/12/2021;6;1,98;34;10;mine;verb;-
Reprendre, Reprend;retake;L'école reprend la semaine prochaine.;16/12/2021;6;2,1;42;10;lecture1;verb;-
Revenir, Revenons;Tornem;Nous revenons toujours dans cet hôtel.;27/11/2021;5;1,7;14;10;mine;verb;movement
Revenus;Ingresos;Ses revenus annuels sont de cent mille euros;23/11/2021;5;2;20;10;lecture6;name;-
Rivière;Riu;La pollution des rivières entraîne la disparition de bon nombre d'espèces;25/12/2021;6;2,1;42;10;mine;name;-
Rond;Redó;Il a fait des figures de fumée bien rondes;25/12/2021;6;2,1;42;10;lecture5;adjective;-
Rédiger;Redactar;Ce laboratoire va analyser la saliver et rédiger un rapport;05/12/2021;6;1,7;22;10;mine;verb;-
Résultat;Resultat;Avec des résultats tu peux retrouver un ancêtre commun;25/12/2021;6;2,1;42;10;lecture5;name;-
Résumé;Resum;Le journaliste a fait le résumé des événements de la journée;23/12/2021;6;2,1;42;10;mine;name;-
Réussir, Réussi;Lograr;Je suis contente parce que j'ai bien réussi ma crème fouetté;27/11/2021;5;1,8;16;10;lecture6;verb;-
Réussite;Exit;Pour les asiatiques la réussite financière c'est qui prime;24/12/2021;6;2;34;10;lecture6;name;-
Sachet;Funda;Le sachet doit être découpe en suivant les pointillés;25/12/2021;6;2,1;42;10;mine;name;-
Salaire;Salari;Toute travail mérite salaire;27/11/2021;5;1,8;16;10;lecture5;name;-
Santé;Salut;J'ai de la chance, je suis en bonne santé;23/11/2021;5;2;20;10;lecture6;name;-
Schéma;Esquema;Voici le schéma d'une pompe à eau;23/11/2021;5;2;20;10;lecture6;name;-
Se Débrouiller, Me Débrouille;Espavilarse;Je ne demande rien à personne, je me débrouille teut seul;29/11/2021;5;1,8;16;10;lecture8;verb;-
Se Rejeter, Se Rejette;Culparse;j'en ai ras le bol d'entendre tout le monde se rejette;22/11/2021;0;1,48;2;1;mine;verb;-
Se retrouver, Nous Retrouvons;Trobar;Nous nous retrouvons au cinéma ce soir;06/12/2021;6;1,9;30;10;lecture4;verb;-
Senteur;Olor;Le marché dégageait des senteurs de fruit, formage et fleurs;25/12/2021;6;2,1;42;10;mine;name;-
Sondage;Sondeig;D'après le sondage, 23% est d'accord avec la nouvelle loi anti-tabac;23/11/2021;5;2;20;10;lecture6;name;-
Soudain;De repent;J'étais en train de dormir, soudain j'ai entendu un bruit;23/12/2021;6;2,1;42;10;lecture4;name;-
Sous-marin;Submarí;Le sous-marin a disparu sous les eaux;25/12/2021;6;2,1;42;10;mine;name;-
Soutien Social;Ajuda social;Cette famille souvent ne dispose pas des ressources ou du soutien social nécessaire;01/12/2021;5;2;20;10;lecture7;name;-
Supporter;Fan;Les supporters encouragent les sportifs;02/12/2021;4;1,98;12;8;mine;name;-
Surpeuplé;Sobrepoblat;Les prisons sont surpeuplées;01/01/2022;6;2,1;42;10;lecture5;adjective;-
Survie;Sobreviure;Après leur naufrage, ils durent leur survie aux baies sauvages;29/11/2021;5;1,8;16;10;lecture7;name;-
Survivre, Survécu;Sobreviure;Cette centenaire a survécu à son mari et même à ses enfants;06/12/2021;5;1,8;16;10;lecture5;verb;-
Séance;Sesió;La séance parlementaire finit très tard;01/12/2021;5;2;20;10;lecture8;name;-
Tableau;Pissarra;L'instructeur écrit la date sur le tableau de la classe;23/11/2021;5;2;20;10;lecture6;name;-
Tandis;Mentres;Le haut représente la meilleure vie tandis que le bas représente la pire;23/11/2021;5;2;20;10;lecture6;adverb;-
Taxe Foncière;Taxa a la propietat;Peut-on demander un délai aux impôts pour régler sa taxe foncière;23/11/2021;2;1,58;3;3;mine;name;-
Temps Libre;Temps lliure;Lors de ce voyage, un temps libre est accordé chaque après-midi;01/12/2021;5;2;20;10;lecture8;name;-
Tendance;Tendencia;Elle a toujours tendance à arriver en retard;25/12/2021;6;2,1;42;10;lecture5;name;-
Terrifié;Terrified;Elle était terrifié sur le bateau qui l'emmenait en France;27/11/2021;5;1,8;16;10;lecture4;adjective;-
Télécommande;Control remot;Il cherche toujours la télécommande de la porte du garage;23/12/2021;6;2,1;42;10;lecture4;name;-
Vice;Vici;Le jeu est une vice dangereux;25/12/2021;6;2,1;42;10;lecture5;name;-
Vénézuélien, Vénézuélienne;Veneçolà;Ma professeure d'espagnol est une Vénézuélienne;11/12/2021;6;1,9;30;10;lecture5;adjective;-
abattoir;matadero;Les animaux de boucherie sont tués à l'abattoir.;22/11/2021;0;1,3;2;1;homework;name;-
accoucher d'un enfant;tenir un bébe;Les femmes enceintes qui souffrent d'affections gingivales sont plus suceptibles d'accoucher d'un enfant prématuré;05/12/2021;6;1,9;30;10;lecture3;name;-
adoucir;suiavitzar;Elle met de la crème sur sa peau pour l'adoucir.;01/12/2021;6;1,9;30;10;mine;verb;-
agréable;agradable;Ce spectacle est très agréable.;17/12/2021;6;2,1;42;10;lecture3;adjective;-
ainsi;així;Oublier ainsi des hamburgers, des hot dogs, des sucrerie-barres de Français;17/12/2021;6;2,1;42;10;mine;adverb;-
amitié;amistat;Ton amitié m'est précieuse.;22/11/2021;1;1,6;2;2;lecture12;name;-
amèner, amène;porta;Viens dîner et amène ton amie avec toi.;22/11/2021;0;1,3;2;1;homework;verb;-
anniversaire;brithday;Mon anniversaire est le 6 de mai;08/12/2021;6;2,1;42;10;lecture1;name;-
annuler, annulé;anulat;Le tribunal a finalement annulé le mariage.;22/11/2021;1;1,6;2;2;lecture12;verb;-
appartement;flat;L'appartement comprend trois chambres, un salon,...;24/11/2021;6;1,8;25;10;lecture1;name;-
articuler;articulate;Vous devez articuler vos questions de manière concise.;30/11/2021;7;1,8;31;10;lecture1;name;-
assiette;plat;Sors une assiette supplémentaire : tonton Gérard vient manger avec nous ce soir.;22/11/2021;1;1,6;2;2;homework;name;-
attirance;atracció;Bien qu'elle fût mariée, Florence ressentait pour cet inconnu une forte attirance.;22/11/2021;0;1,3;2;1;lecture12;name;-
autour;al voltant;c'est ce qu'il y a de mieux autour de soi;24/11/2021;6;1,8;25;10;lecture3;adverb;-
avantage;avantatge;Le partage a été fait à son avantage.;22/11/2021;1;1,6;2;2;lecture12;name;-
avenir;porvenir;Nul ne sait ce que l'avenir nous réserve.;17/12/2021;6;2,1;42;10;lecture3;name;-
bague;ring;elle m'a doné une bague;06/12/2021;5;2,5;43;10;lecture1;name;-
ballotté;va i ve;Depuis 5 ans, l'adolescent est ballotté de famille d'accueil en famille d'accueil.;27/11/2021;5;1,8;16;10;mine;verb;-
bizarre;extrany;Avec son poil bleu, ce chat est vraiment bizarre.;22/11/2021;1;1,6;2;2;lecture12;adjective;-
blague;broma;Mon collègue me fait rigoler avec ses blagues. ;16/12/2021;6;2,1;42;10;mine;name;-
blanche-neige et les sept nains;blancaneus i els set nans;Leurs parents leur lisaient Blanche-Neige et les sept nains avant de dormir.;22/11/2021;0;1,3;2;1;lecture12;name;-
bois;fusta;Cette table est en bois de chêne massif.;22/11/2021;1;1,6;2;2;lecture12;name;-
bois;bosc;Les chevreuils se réfugient dans le bois à l'approche des promeneurs.;22/11/2021;1;1,6;2;2;mine;name;-
boucherie;carnisseria;Les animaux de boucherie sont tués à l'abattoir.;22/11/2021;0;1,3;2;1;mine;name;-
bouger, bougé;mogut;J'ai bougé la lampe pour mieux voir.;22/11/2021;0;1,3;2;1;homework;verb;-
brique;toxo;Les briques sont réalisées à partir d'argile et sont de couleur rouille.;22/11/2021;1;1,6;2;2;lecture12;name;-
briser;shatter;Nous n'avons pas le droit de briser leur rêve.;27/11/2021;6;1,96;33;10;lecture1;verb;-
bénévole;volunteer;Eric travaille comme bénévole à la Croix Rouge;30/11/2021;7;1,82;31;10;lecture1;name;-
bête, bêtes;besties;La paille sert de litière aux bêtes.;22/11/2021;1;1,6;2;2;mine;name;-
c'est ne pas ma tasse de thé;No es el teu fort (expresio anglesa);Ça ne me plaît pas, c'est ne pas ma tasse de thé;23/11/2021;5;2;20;10;lecture6;idiom;-
cadeaux;regal;Les enfants ne parvenaient plus à calmer leur impatience devant leurs cadeaux.;22/11/2021;0;1,3;2;1;mine;name;-
campagne;camp;"	Ce n'est ni la mer ni la montagne, c'est une magnifique campagne.";17/12/2021;6;2,1;42;10;lecture3;name;-
canapé;sofa;Nous avons mis un tapis devant le canapé.;22/11/2021;1;1,6;2;2;mine;name;-
caresser, caresse;acariciar;Elle caresse le chat sur ses genoux.;05/12/2021;6;1,9;30;10;lecture3;verb;-
carrosse;carrossa;Pour les grandes cérémonies la reine se déplace en carrosse.;22/11/2021;1;1,6;2;2;lecture12;name;-
casser;break;Je voulais juste casser son téléphone.;03/12/2021;6;2,06;37;10;lecture1;verb;-
cave;bodega;Il garde toujours quelques bonnes bouteilles dans sa cave.;17/12/2021;6;2,1;42;10;mine;name;-
cependant;no obstant;Cependant depuis le début 2009 le marché des appareils électroménagers commence à conaître les difficultés. ;16/12/2021;6;2,1;42;10;mine;adverb;-
chair;carn;Nous préférons la chair blanche à la chair rouge.;22/11/2021;0;1,3;2;1;homework;name;-
chevreuils;cervols;Les chevreuils se réfugient dans le bois à l'approche des promeneurs.;22/11/2021;0;1,3;2;1;mine;name;-
chrétien;Cristià;Le 25 décembre les chrétiens fêtent Noël;22/11/2021;0;1,3;2;1;mine;name;-
clocher;campanar;Le clocher de l'église est très élevé.;22/11/2021;0;1,3;2;1;mine;name;-
cohabiter, cohabite;cohabita;Ce jeune couple cohabite avec les parents du jeune homme.;17/12/2021;6;2,1;42;10;lecture3;verb;-
communauté;comunitat;"	Nous faisons partie de la communauté française de ce pays.";01/12/2021;6;1,9;30;10;lecture3;name;-
compter sur;comptar amb;compter sur sa famille c'est un grand soutien dans la vie;17/12/2021;6;2,1;42;10;lecture3;verb;-
comptoir;barra;Le client buvait un café debout au comptoir;17/12/2021;6;2,1;42;10;mine;verb;-
conaître;conéixer;Cependant depuis le début 2009 le marché des appareils électroménagers commence à conaître les difficultés. ;03/12/2021;6;2;34;10;lecture2;verb;-
concierge;conserge;"	Je me méfie de cette sorcière de concierge.";22/11/2021;1;1,6;2;2;mine;name;-
construir, construisent;contruir;Les souvenirs construisent la personalité;16/12/2021;6;2,1;42;10;lecture2;verb;-
coup de poing, coups de poing;cops de puny;Les garçons se battent à coups de poing;22/11/2021;0;1,3;2;1;homework;name;-
courage;coratge;C'est un garçon qui a beaucoup de courage.;22/11/2021;1;1,6;2;2;lecture12;name;-
cygne;cigne;Les enfants vont au lac donner du pain aux cygnes.;22/11/2021;0;1,3;2;1;lecture12;name;-
câlin;abraçar;Mon ami m'a fait un câlin pour me réconforter.;16/12/2021;6;2,1;42;10;lecture2;name;-
célibataire;solter;Mon frère n'est pas marié, il est célibataire;17/12/2021;6;2,1;42;10;lecture3;name;-
de temps en temps;from time to time;La stratégie définie devra aussi être ajustée de temps en temps;26/11/2021;6;1,9;30;10;lecture1;idiom;-
debout;de peu;Le client buvait un café debout au comptoir;05/12/2021;6;1,9;30;10;lecture3;adverb;-
deuil;dol;Sa tristesse est la suite de son deuil.;22/11/2021;0;1,3;2;1;mine;name;-
docile;docil;Ce chien est bien docile : il revient toujours quand on l'appelle.;22/11/2021;0;1,3;2;1;lecture12;adjective;-
déclencheur;desencadenant;Sans déclencheur, la bombe n'explosera pas.;15/12/2021;6;1,78;25;10;lecture2;name;-
découverte;descoverta;La découverte du vaccin contre la rage est due à Pasteur.;22/11/2021;1;1,6;2;2;lecture12;name;-
déroulement;desarrollamnet;Nous suivons le déroulement de la course à la télé.;22/11/2021;0;1,3;2;1;lecture12;name;-
déçu;decebut;Il a été déçu d'apprendre que tu ne viendrais pas.;06/12/2021;5;2,08;25;10;lecture2;adjective;-
embrasser, embrassé;besar;La princesse a embrassé la grenouille.;28/11/2021;5;1,88;17;10;lecture2;verb;-
empathie;empatia;Pour faire psychologue, mieux vaut avoir de l'empathie.;22/11/2021;1;1,6;2;2;lecture12;adjective;-
enceintes;embaraçades;Les femmes enceintes qui souffrent d'affections gingivales sont plus suceptibles d'accoucher d'un enfant prématuré;05/12/2021;6;1,9;30;10;mine;adjective;-
entrepreneuse;emprenedora;Une entrepreneuse a beaucoup de responsabilités.;22/11/2021;1;1,6;2;2;lecture12;adjective;-
envahir, envahirent;envairent;Les Allemands envahirent l'Autriche durant l'Anschluss.;22/11/2021;0;1,3;2;1;homework;verb;-
fables;faules;C'est La Fontaine qui a traduit en français les fables d’Ésope.;22/11/2021;1;1,6;2;2;lecture12;name;-
fac;facultat;je vais à la fac;02/12/2021;5;2,5;42;10;lecture1;name;-
faire sentir sa voix;deixar sentir la seva veu; volonté d'une institution de marquer son camp, de faire sentir sa voix;05/12/2021;6;2;34;10;mine;name;-
fait une entorse;infringit;Le proviseur a fait une entorse au règlement en acceptant cet élève.;22/11/2021;0;1,3;2;1;homework;idiom;-
famille d'accueil;familia d'acollida;Depuis 5 ans, l'adolescent est ballotté de famille d'accueil en famille d'accueil.;06/12/2021;6;1,86;33;10;lecture3;name;-
famille nombreuse, familles nombreuses;familia numerosa;Ce monospace est idéal pour les familles nombreuses.;05/12/2021;6;1,9;30;10;lecture3;name;-
famille recomposée, familles recomposées;familia reconstituida;À l'ère des familles recomposées, les contrats d'héritage ont toujours plus d'importance.;23/11/2021;2;1,5;3;3;lecture3;name;-
femme au foyer;ama de casa;Sa mère fut femme au foyer pendant quinze ans.;17/12/2021;6;2,1;42;10;lecture3;name;-
ficelle;cordill;Je n'arrive pas à retirer les nœuds de la ficelle. ;22/11/2021;0;1,3;2;1;mine;name;-
figuier;figuer;Quelqu'un avait un figuier planté dans sa vigne, et il vint y chercher du fruit, et il n'en trouva point;17/12/2021;6;2,1;42;10;lecture3;name;-
foyer;llar;Elle rentre au foyer familial tous les soirs.;17/12/2021;6;2,1;42;10;lecture3;name;-
fée;fada;Avec la chance qu'il a, une fée a dû se pencher sur son berceau;22/11/2021;1;1,6;2;2;lecture12;name;-
garder, garde;guardar;Il garde toujours quelques bonnes bouteilles dans sa cave.;17/12/2021;6;2,1;42;10;lecture3;verb;-
goût;gust;Envie de faire évoluer le goût ou la texture de vos produits ?;16/12/2021;6;2,1;42;10;lecture2;name;-
goûter;tastar;Il faut goûter sa cuisine avant de la servir.;17/12/2021;6;2,1;42;10;lecture3;verb;-
grincheux;cascarrabies;Ce vieux grincheux est toujours méchant avec sa belle-fille.;22/11/2021;0;1,3;2;1;mine;adjective;-
habit du dimange;roba de diumenge;J'achète un habit du dimange, pour m'habiller;06/12/2021;6;1,9;30;10;lecture3;name;-
habits;roba;ils sont couverts par leurs habits;17/12/2021;6;2,1;42;10;lecture3;name;-
haine;odi;À l'amour a succédé la haine.;22/11/2021;0;1,3;2;1;lecture12;name;-
honnêteté;honestedad;Il a l'honnêteté de reconnaître ses erreurs.;22/11/2021;1;1,6;2;2;lecture12;adjective;-
humeur;humor;Elle affecte notre comportement, l'humeur et les émotions;16/12/2021;6;2,1;42;10;mine;name;-
hésiter;dubtar;Ne pas hésiter à nous consulter pour un devis.;07/01/2022;7;1,9;48;10;lecture1;verb;-
identité;identitat;Le policier vérifie l'identité des suspects.;17/12/2021;6;2,1;42;10;lecture3;name;-
il était une fois;erase una vez;Il était une fois, dans un pays lointain, un jeune berger.;22/11/2021;0;1,3;2;1;lecture13;idiom;-
impatience;impaciencia;Les enfants ne parvenaient plus à calmer leur impatience devant leurs cadeaux.;22/11/2021;1;1,6;2;2;lecture12;name;-
inauguration;inaguration;Viens à l'inauguration avec moi.;06/12/2021;5;2,5;43;10;lecture1;name;-
inconvénients;inconvenients;Il faut considérer les inconvénients suite à son départ.;22/11/2021;1;1,6;2;2;lecture12;name;-
inscription;Inscription;L'inscription des participants est libre et gratuite.;24/01/2022;6;2,4;72;10;lecture1;name;-
jalousie;jelosia;Sa jalousie lui rend la vie impossible.;22/11/2021;1;1,6;2;2;lecture12;adjective;-
la petite sirène;la sireneta;la célèbre statue de la Petite Sirène;22/11/2021;1;1,6;2;2;lecture12;name;-
laide, laid;lleig;Ce pauvre chien est vraiment très laid.;22/11/2021;1;1,6;2;2;lecture12;adjective;-
le vilain petit canard;l'aneguet lleig;le vilain petit canard est un conte très interessant;22/11/2021;0;1,3;2;1;lecture12;name;-
lien;vincle;Il y a un lien très fort entre ces deux frères jumeaux.;17/12/2021;6;2,1;42;10;lecture3;name;-
litière;llit portable;Le comte paradait dans sa litière.;22/11/2021;0;1,3;2;1;mine;name;-
loisirs;hobbies;Mes loisirs vont des mots croisés au saut en parachute.;17/12/2021;6;2,1;42;10;lecture3;name;-
lorsque, lorsqu;quand;"	Lorsqu'il arrivera, téléphonez-moi.";17/12/2021;6;2,1;42;10;lecture3;adverb;-
là;here;Signez là, paraphez là et là.;02/12/2021;5;2,5;42;10;lecture1;adverb;-
là-bas;over there;Conduis-moi seulement là-bas et je te récompenserai.;02/01/2022;8;1,8;43;10;lecture1;adverb;-
légende;llegenda;La légende du monstre du Loch Ness attire des milliers de touristes en Ecosse.;22/11/2021;1;1,6;2;2;lecture12;name;-
maison de retraite;residencia d'avis;Les personnes âgées seules se retrouvent souvent en maison de retraite.;17/12/2021;6;2,1;42;10;lecture3;name;-
marâtre;madrastra;"	La marâtre de Cendrillon était odieuse avec elle.";22/11/2021;1;1,5;2;2;lecture12;name;-
menées;maquinacions;Les menées de Sophie vont sûrement nous être défavorables.;22/11/2021;0;1,3;2;1;homework;name;-
meringues;merengues;"	Ma grand-tante me transmet comment réussir des meringues.";05/12/2021;6;1,9;30;10;mine;name;-
mieux;better;Le tableau est mieux que celle-ci;02/12/2021;5;2,5;42;10;lecture1;adverb;-
misogyne;misogen;Il n'aime pas les femmes, il est misogyne.;22/11/2021;0;1,3;2;1;lecture12;adjective;-
monoparental;monoparental;De plus en plus d'agence propose des voyages pour les familles monoparentales.;29/11/2021;4;1,7;9;7;lecture3;adjective;-
mèner, mène;mana;Elle mène son mari par le bout du nez.;22/11/2021;0;1,3;2;1;homework;verb;-
méchant;malvat;Ce vieux grincheux est toujours méchant avec sa belle-fille.;22/11/2021;1;1,6;2;2;lecture12;adjective;-
ménage;parella;Je les connais, c'est un ménage très uni.;17/12/2021;6;2,1;42;10;lecture3;name;-
ménagers;domestics;Il ne faut pas laisser les produits ménagers à portée des enfants;22/11/2021;0;1,3;2;1;homework;adjective;-
naissance;nàixement;Elle donna également naissance à une fille appelée Dina.;06/12/2021;6;2,06;37;10;lecture1;name;-
noyau;nucli;la famille est un noyau où on est bien;17/12/2021;6;2,1;42;10;lecture3;name;-
nœuds;nusos;Je n'arrive pas à retirer les nœuds de la ficelle. ;22/11/2021;1;1,6;2;2;lecture12;name;-
oser, ose;oso;"	Je n'ose pas lui annoncer le décès de son ami.";22/11/2021;0;1,3;2;1;lecture12;verb;-
ouïe;oida;L'ouïe est un des sens les plus développés chez le fœtus.;30/11/2021;6;1,9;30;10;lecture2;name;-
paille;palla;La paille sert de litière aux bêtes.;22/11/2021;0;1,3;2;1;lecture12;name;-
par le bout du nez;com vol;Elle mène son mari par le bout du nez.;22/11/2021;0;1,3;2;1;mine;idiom;-
par plaisir;for pleasure;Crois-moi c'est pas par plaisir.;07/01/2022;7;1,9;48;10;lecture1;idiom;-
paresse;peresa;Il passe ses journées à ne rien faire, sa paresse désespère ses parents.;22/11/2021;1;1,6;2;2;lecture12;adjective;-
parfume;sabor;qu'elle est ton parfume préfère pour un glacée;27/11/2021;5;1,8;16;10;lecture3;name;-
passer revue, revue;passar revista;Le général passe ses troupes en revue.;22/11/2021;0;1,3;2;1;mine;verb;-
passive;pasiu;"	Le professeur se plaint de l'attitude passive de l'élève.";22/11/2021;1;1,6;2;2;lecture12;adjective;-
peau;pell;Elle met de la crème sur sa peau pour l'adoucir.;17/12/2021;6;2,1;42;10;lecture3;name;-
pencher, penche;s'inclina;Elle penche la tête pour regarder par la fenêtre.;22/11/2021;0;1,3;2;1;mine;verb;-
pendaison de crémaillère;Inaguration of a flat;Merci de m'avoir invité à la pendaison de crémaillère, au fait.;02/12/2021;7;1,8;31;10;lecture1;idiom;-
poil;cabell;Avec son poil bleu, ce chat est vraiment bizarre.;22/11/2021;0;1,3;2;1;mine;name;-
potes;amics;Je suis allé en boîte avec des potes célibataires.;17/12/2021;6;2,1;42;10;mine;name;-
précieux, précieuses;preciós;Les pierres précieuses sont très chères.;24/11/2021;6;1,8;25;10;lecture3;name;-
prôner, prônent;promoure;Les écologistes prônent l'abandon de la voiture.;22/11/2021;0;1,3;2;1;homework;verb;-
punition;castig;"	Comme punition l'enfant est privé de télévision.";22/11/2021;1;1,6;2;2;lecture12;name;-
racines;arrels;Monique n'en oublie pas ses racines.;30/11/2021;6;1,9;30;10;lecture2;name;-
rage;rabia;Le joueur était en rage après sa défaite.;22/11/2021;0;1,3;2;1;mine;name;-
rappeler;recordar;Il convient en outre de rappeler que les dispositions interprétatives annexées au traité instituant la Communauté européenne;04/12/2021;5;1,76;14;10;lecture3;verb;-
rayonnante;Radiant;C'est un enfant rayonnante de gaieté;23/11/2021;5;2;20;10;mine;name;-
regarder, regardions;mirar;Nous regardions au loin.;06/12/2021;5;1,8;16;10;lecture3;verb;-
revue;revista;Les revues people sont de plus en plus nombreuses.;22/11/2021;1;1,6;2;2;homework;name;-
revues people;revistes del cor;Les revues people sont de plus en plus nombreuses.;22/11/2021;0;1,3;2;1;mine;name;-
rigoler;riure;Mon collègue me fait rigoler avec ses blagues. ;16/12/2021;6;2,1;42;10;lecture2;verb;-
roman;novel;Son dernier roman a été publié à des milliers d'exemplaires.;24/11/2021;5;2,4;38;10;lecture1;name;-
rompre;break up;Je te dis pas de rompre, mais de faire une pause.;24/01/2022;6;2,4;72;10;lecture1;verb;-
sans tricher;sense fer trampa;Les bonnes notes, je les ai sans tricher.;09/01/2022;6;2,28;59;10;lecture1;idiom;-
semblable;similar;Ses positions politiques sont semblables aux miennes.;01/12/2021;6;1,9;30;10;lecture2;adverb;-
sentir;olorar;J'aime sentir l'odeur de l'herbe coupée.;11/12/2021;6;1,9;30;10;lecture3;verb;-
slow;balada;Sont prèmière slow avec un garçon;16/12/2021;6;2,1;42;10;lecture2;name;-
soie;seda;J'adore toucher la soie.;05/12/2021;6;1,9;30;10;mine;name;-
sorcière;bruixa;"	Je me méfie de cette sorcière de concierge.";22/11/2021;1;1,6;2;2;lecture12;name;-
sort;destí;"	Quel sera le sort de cet enfant ?";22/11/2021;0;1,3;2;1;lecture12;name;-
soutien;sustent;compter sur sa famille c'est un grand soutien dans la vie;05/12/2021;6;1,9;30;10;lecture3;name;-
stimulant, stimulante;estimulant;L'idée d'une promotion a été très stimulante.;22/11/2021;0;1,3;2;1;lecture12;adjective;-
stocker, stocke;almacenar;Ce disque peut stocker beaucoup de données.;02/12/2021;4;2,08;12;8;lecture2;verb;-
subtitres;subtitles;Les subtitres du film sont en anglais;02/12/2021;5;2,5;42;10;lecture1;name;-
succéder, succédé;succeir;À l'amour a succédé la haine.;22/11/2021;0;1,3;2;1;mine;verb;-
sucrerie;dolços;Oublier ainsi des hamburgers, des hot dogs, des sucrerie-barres de Français;27/11/2021;5;1,8;16;10;lecture3;name;-
sucrerie;sucrera;En ce qui concerne la difficulté pour la sucrerie de s'approvisionner ailleurs;17/12/2021;6;2,1;42;10;mine;name;-
suite;resultado;Sa tristesse est la suite de son deuil.;22/11/2021;0;1,3;2;1;mine;name;-
suspect;sospitós;Le policier vérifie l'identité des suspects.;17/12/2021;6;2,1;42;10;mine;name;-
tapis;alfombra;Nous avons mis un tapis devant le canapé.;22/11/2021;1;1,6;2;2;lecture12;name;-
tenue sportive;conjunt d'esport;Les soldats de cette armée ont une tenue sportive.;05/12/2021;6;1,9;30;10;lecture3;name;-
tolérance;tolerancia;L'Édit de Nantes était un exemple de tolérance religieuse.;22/11/2021;1;1,6;2;2;lecture12;adjective;-
toucher;tacte;Quel jouet permet de stimuler la vision et le toucher?;30/11/2021;6;1,9;30;10;lecture2;name;-
toucher;tocar;J'adore toucher la soie.;17/12/2021;6;2,1;42;10;lecture3;verb;-
toute ma vie;during all my life;J'ai bossé comme un esclave, 1 dollar par jour toute ma vie.;24/01/2022;6;2,4;72;10;lecture1;idiom;-
transmettre, transmet;transmetre;Ma grand-tante me transmet comment réussir des meringues.;17/12/2021;6;2,1;42;10;lecture3;verb;-
témoignage;testimonis;Le témoignage du conducteur a innocenté le suspect.;28/11/2021;6;1,8;25;10;lecture2;name;-
vague;wave;Aujourd'hui, le vent provoque de fortes vagues.;07/01/2022;7;1,9;48;10;lecture1;name;-
valeurs;valors;Nous n'avons les mêmes valeurs que ces gens-là.;22/11/2021;1;1,6;2;2;lecture12;name;-
veaux;vedells;L'éleveur achète des veaux très jeunes, puis les engraisse et les revend.;22/11/2021;1;1,6;2;2;mine;name;-
veuf, veuve;viuda;Depuis qu'elle est veuve, elle ne voit plus personne;01/12/2021;6;1,9;30;10;lecture3;name;-
village;village;Soses est une village;11/12/2021;5;2,48;42;10;lecture1;name;-
ville;city;Madrid est une ville.;02/12/2021;5;2,5;42;10;lecture1;name;-
vivre, vivent;viure;ce sont des gens qui vivent autour d'une unité commune;17/12/2021;6;2,1;42;10;lecture3;verb;-
vue;vista;Est-il plus facile de trouver sa nourriture par la vue ou par l'ouïe?;16/12/2021;6;2,1;42;10;lecture2;name;-
vécues;vivides;Il faut avoir des éxperiences vécues pour avoir des souvenirs;16/12/2021;6;2,1;42;10;lecture2;adjective;-
vêtements;roba;Commandez vos vêtements avec des déchirures...;06/12/2021;5;2,5;43;10;lecture1;name;-
À la fois;at the same time;Elle sortait avec toutes ces personnes à la fois.;02/12/2021;5;2,5;42;10;lecture1;adverb;-
À la prochain;adeu;À la prochain, au revoir;28/11/2021;5;1,88;17;10;lecture1;idiom;-
À plus;adeu;À plus, au revoir;22/11/2021;0;1,3;2;1;lecture1;idiom;-
Ça ne me plaît pas;Aixó no m'agrada;L'événement était vraiment dégoûtant, ça ne me plaît pas;27/11/2021;5;1,8;16;10;lecture8;idiom;-
Échelle;Escala;Je prends une échelle pour cueillir les fruits dans les arbres;28/11/2021;5;1,88;17;10;lecture6;name;-
Épanoui, Épanouit;Sentirse be;Sa nouvelle passion l'épanouit;29/11/2021;4;1,7;9;7;lecture4;verb;-
Épanouissement;Realizació;Depuis qu'elle vit à la campagne son épanouissement est total;23/11/2021;5;2;20;10;lecture6;name;-
Étendre, Étend;Extend;Dans l'hémisphère nord le printemps s'étend de mars à juin;06/12/2021;5;1,8;16;10;mine;verb;-
Événement;Event;Le journaliste a fait le résumé des événements de la journée;23/12/2021;6;2,1;42;10;lecture4;name;-
Éxperience;experiencia;Il faut avoir des éxperiences vécues pour avoir des souvenirs;23/11/2021;2;1,5;3;3;lecture2;name;-
Être au chômage, Sont au chômage;Estar al paro;L'entreprise a fait failite, alors les employés sont au chômage;24/12/2021;6;2;34;10;lecture6;idiom;-
Être fier de, est fière d;Estar orgullós de;Elle est fière d'avoir réussi son examen;19/12/2021;6;1,8;29;10;lecture6;verb;-
Être prêt à, Sont Prêtes à;estan llestes per;Nos framboises sont prêtes à être cueillies;29/11/2021;5;1,8;16;10;lecture8;prep verb;-
à portée;al alcance;Il ne faut pas laisser les produits ménagers à portée des enfants;22/11/2021;0;1,3;2;1;mine;adverb;-
écouter, écoute;escoltar;J'écoute de la musique dans ma voiture.;10/12/2021;6;1,98;34;10;lecture3;verb;-
écrivain;escriptor;Les écrivains célèbres vendent beaucoup de livres.;16/12/2021;6;2,1;42;10;lecture2;name;-
édit;edicte;L'Édit de Nantes était un exemple de tolérance religieuse.;22/11/2021;1;1,6;2;2;mine;name;-
élevage;ganaderia;Patricia a un grand élevage de poules.;22/11/2021;0;1,3;2;1;homework;name;-
éleveur;ganadero;L'éleveur achète des veaux très jeunes, puis les engraisse et les revend.;22/11/2021;1;1,36;2;2;homework;name;-
élevé;elevat;Le clocher de l'église est très élevé.;22/11/2021;1;1,6;2;2;homework;name;-
émotions;emocions;Elle affecte notre comportement, l'humeur et les émotions;03/12/2021;6;2;34;10;lecture2;name;-
énnemi, ennemies;enemigues;"	Les nations ennemies se font souvent la guerre.";22/11/2021;1;1,6;2;2;lecture12;name;-
évoluer, évolue;evolucionar;La société évolue à un rythme sans précédent.;24/11/2021;6;1,8;25;10;lecture2;verb;-
évoquer, évoque;evocar;Ce film m'évoque toujours des souvenirs de jeunesse.;17/12/2021;6;2,1;42;10;lecture3;verb;-
être habilles en, est habillé en;vesteix;il est habillé en super-héros;25/11/2021;3;1,6;5;5;lecture3;verb;-
être licencié;despedit;Le travailleur peut être licencié pour un motif légitime prévu par la loi et dûment vérifié;12/12/2021;7;1,8;31;10;lecture3;adjective;-
être viré, sera viré;será transferit;le montant sera viré sur votre compte dans quelques jours;22/11/2021;0;1,3;2;1;mine;verb;-
être viré, seré viré;despedit;Je seré viré du travail parce qu'il n'y a pas d'argent;22/11/2021;0;1,3;2;1;lecture3;adjective;-
enfin;en fi;Il boit, il fume, enfin, il a tous les vices.;17/11/2021;0;1,5;0;0;lecture13;adverb;-
le jour d'après;el dia seguent;Le jour d'après la fin de la Conférence, la République de Corée a organisé une visite d'étude à la zone commune de sécurité;25/11/2021;0;1,5;0;0;lecture13;ind temporel;-
lendemain;endema;Nous sommes arrivés à Marseille le samedi et le lendemain, nous sommes allés nous baigner.;25/11/2021;0;1,5;0;0;lecture13;ind temporel;-
surlendemain;passatdema;"	J'ai reçu ce colis le surlendemain de ma commande.";25/11/2021;0;1,5;0;0;lecture13;ind temporel;-
pendant ce temps-là;durant aquest temps;Pendant ce temps-là, le Maroc resserre son emprise sur le Sahara occidental;25/11/2021;0;1,5;0;0;lecture13;ind temporel;-
cadet, cadette;menor;Je vous présente ma sœur cadette.;25/11/2021;0;1,5;0;0;lecture13;name;-
approcher, approche;acostarse;"	Approche, mon enfant, que je te voie.";25/11/2021;0;1,5;0;0;lecture13;-;-
croyance;creença;La croyance en une forme de vie extra-terrestre est répandue.;25/11/2021;0;1,5;0;0;lecture13;name;-
colonne;columna;"	Les pompiers repérent au loin une colonne de fumée.";25/11/2021;0;1,5;0;0;lecture13;name;-
atout;virtud;L'atout de ce vendeur, c'est son sourire.;25/11/2021;0;1,5;0;0;lecture13;name;-
cerveau;cervell;Le cerveau se trouve dans la boîte crânienne.;25/11/2021;0;1,5;0;0;lecture13;name;-
cibler, ciblé;esta dirigit a;Ce produit n'a pas ciblé les bons clients.;25/11/2021;0;1,5;0;0;lecture13;-;-
navire;vaixell;"	Le Titanic était un grand navire.";25/11/2021;0;1,5;0;0;lecture13;name;-
bénéfice;benefici;Si tu es viré, le bénéfice sera pour lui.;25/11/2021;0;1,5;0;0;lecture13;name;-
corps;cos;"	Le corps humain comporte une tête, un tronc et quatre membres.";25/11/2021;0;1,5;0;0;lecture13;name;-
en rapport avec;en relació a;Il réalise des projets en rapport avec l'économie du cacao;25/11/2021;0;1,5;0;0;lecture13;adverb;-
essayer;intentar;"	Je vais essayer de terminer ce soir.";25/11/2021;0;1,5;0;0;lecture13;verb;-
semaine d'avant;semana anterior;J'ai regardé le couché du soleil en Patagonie la semaine d'avant.;25/11/2021;0;1,5;0;0;lecture13;ind temporel;-
l'avant-veille;dos dies abans;"	Pascal avait pourtant signalé le problème l'avant-veille de l'accident.";25/11/2021;0;1,5;0;0;lecture13;ind temporel;-
veille;vispera;Nous sommes arrivés la veille du mariage.;25/11/2021;0;1,5;0;0;lecture13;ind temporel;-
deux jours plus tard;dos dies més tard;deux jours plus tard la voiture est arrivé;25/11/2021;0;1,5;0;0;lecture13;ind temporel;-
semaine-là;aquella semana;Pour cette semaine-là, les manteaux pourraient être accrochés sur les pupitres et les chaises.;25/11/2021;0;1,5;0;0;lecture13;ind temporel;-
ce jour-là;aquest dia;"	Je ne pourrai pas venir ce jour-là, je serai à l'hôpital.";25/11/2021;0;1,5;0;0;lecture13;ind temporel;-
tout à coup;de cop;"	Les oiseaux chantaient, puis avec l'éclipse, tout à coup ce fut le silence.";25/11/2021;0;1,5;0;0;lecture13;ind temporel;-
il y a bien longtemps;feia molt de temps;Il y a bien longtemps que nous n'habitons plus Paris.;25/11/2021;0;1,5;0;0;lecture13;ind temporel;-
datte;datil;"	Pour être bonne, une datte doit être encore moelleuse.";25/11/2021;0;1,5;0;0;mine;name;-
berger;pator;Il était une fois, dans un pays lointain, un jeune berger.;25/11/2021;0;1,5;0;0;mine;name;-
baigner, nous baigner;banyarse;Nous sommes arrivés à Marseille le samedi et le lendemain, nous sommes allés nous baigner.;25/11/2021;0;1,5;0;0;mine;verb;-
resserrer, resserre;estrehcar;Il resserre ses liens avec ces anciens amis.;25/11/2021;0;1,5;0;0;mine;verb;-
répandue;estesa;C'est une coutume très répandue dans la communauté.;25/11/2021;0;1,5;0;0;mine;adjective;-
repérer, repéré;fixarse en;"	J'ai repéré un petit magasin de vêtements qui a l'air sympa";25/11/2021;0;1,5;0;0;mine;verb;-
accrocher, accroche;penjar;"	J'accroche les clés au porte-clés quand je rentre chez moi.";25/11/2021;0;1,5;0;0;mine;verb;-
moelleuse;melós;"	Pour être bonne, une datte doit être encore moelleuse.";25/11/2021;0;1,5;0;0;mine;adjective;-
colis;paquet;"	J'attends un colis de bulbes à chaque automne.";25/11/2021;0;1,5;0;0;mine;name;-
couché du soleil;posta de sol;J'ai regardé le couché du soleil en Patagonie la semaine d'avant.;25/11/2021;0;1,5;0;0;mine;name;-
bibliothèque;biblioteca;chaque semaine elle emprunte de nouveaux livres à la bibliothèque;25/11/2021;0;1,5;0;0;lecture14;name;-
emprunter, emprunte;prestar;chaque semaine elle emprunte de nouveaux livres à la bibliothèque;25/11/2021;0;1,5;0;0;mine;verb;-
prêtre;sacerdot;Les prêtres sont ordonnés par un sacrement.;25/11/2021;0;1,5;0;0;lecture14;name;-
sage;savi, savia;Vous avez pris une sage décision.;25/11/2021;0;1,5;0;0;lecture14;adjective;-
brûler, brûle;crema;Le feu brûle dans la cheminée.;25/11/2021;0;1,5;0;0;lecture14;verb;-
autrement;del contrari;"	Ils ont dû bien arriver, autrement ils nous auraient appelées.";25/11/2021;0;1,5;0;0;lecture14;adverb;-
aussi;tan;Je ne pensais pas qu'il était aussi grand !;25/11/2021;0;1,5;0;0;lecture14;adverb;-
bête;tonto;Aussi bête que ça paraisse, je l'aime, mon petit ours en peluche tout usé.;25/11/2021;0;1,5;0;0;lecture14;adjective;-
paraisser, paraisse;sembla;Aussi bête que ça paraisse, je l'aime, mon petit ours en peluche tout usé.;25/11/2021;0;1,5;0;0;lecture14;verb;-
apprentissage;aprenentatge;L'apprentissage est un processus long et complexe.;25/11/2021;0;1,5;0;0;lecture14;name;-
processus;procès;L'apprentissage est un processus long et complexe.;25/11/2021;0;1,5;0;0;lecture14;name;-
flamber, flambent;cremen;Les bûches flambent dans la cheminée.;25/11/2021;0;1,5;0;0;lecture14;verb;-
savoir-faire;saber-fer;Le savoir-faire de ce praticien n'est plus à démontrer.;25/11/2021;0;1,5;0;0;lecture14;name;-
praticien;doctor;Le savoir-faire de ce praticien n'est plus à démontrer.;26/11/2021;0;1,5;0;0;lecture14;name;-
fade;soso;La cuisine sans sel est fade.;25/11/2021;0;1,5;0;0;lecture14;adjective;-
mourir, meure;morta;C'est Zoé qui voulait que cette fille meure.;25/11/2021;0;1,5;0;0;lecture14;verb;-
naitre, naisse;naixés;Il est mort pendant la guerre de Corée avant qu'elle ne naisse. ;25/11/2021;0;1,5;0;0;lecture14;verb;-
court de justice;tribunal de justicia;Comment oses tu deshonorer cette court de justice ?;25/11/2021;0;1,5;0;0;lecture14;name;-
juge;jutge;Le juge a décidé la mise en détention provisoire du suspect.;25/11/2021;0;1,5;0;0;lecture14;name;-
provisoire;provisional;Le juge a décidé la mise en détention provisoire du suspect.;25/11/2021;0;1,5;0;0;mine;adjective;-
se taire, me tais;callarse;"	Je me tais quand tu parles.";25/11/2021;0;1,5;0;0;lecture14;verb;-
résoudre;resoldre;Mon mari sait résoudre n'importe quel problème.;25/11/2021;0;1,5;0;0;lecture14;verb;-
se lie;se vincula;il se lie à une famille noble et apprend son histoire;25/11/2021;0;1,5;0;0;lecture15;verb;-
enterrement;enterrament;L'enterrement de notre grand-mère a réuni toute la famille.;25/11/2021;0;1,5;0;0;lecture15;name;-
car;ja que;Fais attention car il est violent.;25/11/2021;0;1,5;0;0;lecture15;adverb;-
plat, plate;pla;La campagne du nord de la France est très plate.;25/11/2021;0;1,5;0;0;lecture15;adjective;-
plateau;altipla;Le plateau du Larzac est dans le Massif Central.;25/11/2021;0;1,5;0;0;lecture15;name;-
mensonge;mentida;Ce que tu dis n'est pas vrai, c'est un mensonge.;25/11/2021;0;1,5;0;0;lecture15;name;-
veillées;velades;On fait souvent des veillées en colonie.;25/11/2021;0;1,5;0;0;lecture15;name;-
récit;relat;"	Nous avons écouté le récit de ses vacances avec intérêt.";25/11/2021;0;1,5;0;0;lecture15;name;-
se servir de, me suis servi;utilitzar;Il y a longtemps que je ne me suis servi de cet appareil.;25/11/2021;0;1,5;0;0;lecture15;verb;-
se méfier de, méfie-toi d;desconfia;"	Méfie-toi d'eux, ce ne sont pas de vrais amis.";25/11/2021;0;1,5;0;0;lecture15;verb;-
s'intéresser à, intéressé à;fer guanyar interés;Ce professeur de musique m'a intéressé à la guitare.;25/11/2021;0;1,5;0;0;lecture15;verb;-
rêver de, rêvé d;somiar amb;Cette nuit, j'ai rêvé d'un accident survenu voilà longtemps.;25/11/2021;0;1,5;0;0;lecture15;verb;-
s'identifier à, s'identifient à;indentificarse amb;Les adolescents s'identifient à leur idole.;25/11/2021;0;1,5;0;0;lecture15;verb;-
attendre de, attendez vous de;espereu de;Et maintenant qu'attendez vous de lui ? Cette école militaire attend beaucoup de ses élèves.;25/11/2021;0;1,5;0;0;lecture15;verb;-
faire peur à, fait peur à;fet por a;Tu as fait peur à mon enfant en arrivant dans son dos sans faire de bruit.;25/11/2021;0;1,5;0;0;lecture15;verb;-
avoir peur de, a peur de;te por de;Sophie a peur des araignées.;25/11/2021;0;1,5;0;0;lecture15;verb;-
servir de, sert de;servir com a;Cette chambre sert de bureau.;25/11/2021;0;1,5;0;0;lecture15;verb;-
ravin;penyasegat;Ce ravin fait peur.;25/11/2021;0;1,5;0;0;lecture15;name;-
congé;vacances laborals;Pierre est en congé pendant deux semaines.;25/11/2021;0;1,5;0;0;lecture15;name;-
abîmer, abîme;estropear;Je veux bien te prêter mon livre, mais ne me l'abîme pas !;25/11/2021;0;1,5;0;0;lecture15;verb;-
enlèver, enlève;sacar;J'enlève mes vieux pulls de l'armoire.;25/11/2021;0;1,5;0;0;lecture15;verb;-
laisser, laisse;deja;Si tu n'as plus faim, laisse ton dessert.;25/11/2021;0;1,5;0;0;lecture15;verb;-
parole politique;discurs politic;Emmaüs construit sa parole politique à partir de l'action quotidienne de ses groupes, partout dans le monde.;26/11/2021;0;1,5;0;0;lecture15;name;-
porte-parol;portaveu;L'abbé Pierre s'est fait le porte-parole des sans-logis.;26/11/2021;0;1,5;0;0;mine;name;-
sans-logis;sense sostre;L'abbé Pierre s'est fait le porte-parole des sans-logis.;26/11/2021;0;1,5;0;0;mine;name;-
puissant, puissante;poderosa;C'est une machine très puissante.;26/11/2021;0;1,5;0;0;lecture15;verb;-
éveiller;despertar;Il ne faut pas éveiller les somnambules.;26/11/2021;0;1,5;0;0;lecture15;verb;-
atelier;taller;Le forgeron nous a fait visiter son atelier.;26/11/2021;0;1,5;0;0;lecture15;name;-
forgeron;herrero;Le forgeron nous a fait visiter son atelier.;26/11/2021;0;1,5;0;0;mine;name;-
soulager, soulage;calma;L'aspirine soulage le mal de tête.;26/11/2021;0;1,5;0;0;lecture15;verb;-
émouvant, émouvante;emotiva;Sa lettre de remerciement est émouvante.;26/11/2021;0;1,5;0;0;lecture15;verb;-
éprouver, éprouve;experimenta;Elle éprouve toujours des difficultés à savoir comment écrire ce mot.;26/11/2021;0;1,5;0;0;lecture15;verb;-
ressentir, ressens;sento;Je ressens une grande joie à l'annonce de leur mariage.;26/11/2021;0;1,5;0;0;lecture15;verb;-
frelon;abejón;Le frelon me pique et je ressens une vive douleur.;26/11/2021;0;1,5;0;0;mine;name;-
s'émouvoir, émeut;conmoverse;La naissance des oursons émeut les soigneurs.;26/11/2021;0;1,5;0;0;lecture15;verb;-
soigneur;cuidador;La naissance des oursons émeut les soigneurs.;26/11/2021;0;1,5;0;0;mine;name;-
puissance;poder;La puissance de cette institution est très importante.;26/11/2021;0;1,5;0;0;lecture15;name;-
puissance;potencia;La puissance de ce moteur est impressionnante.;26/11/2021;0;1,5;0;0;mine;name;-
tâches ménagères;tareas del hogar;Avec mon mari, nous nous partageons les tâches ménagères.;26/11/2021;0;1,5;0;0;lecture15;name;-
énervé;molest;Il est énervé par le bruit incessant du marteau-piqueur.;26/11/2021;0;1,5;0;0;lecture15;name;-
pitié;pietat;Le roi n'a fait preuve d'aucune pitié et a fait exécuter les traîtres.;26/11/2021;0;1,5;0;0;lecture15;name;-
rendre compte de, rend compte de;dar cuenta de;"	Il rend compte des avancées du projet tous les lundis matin.";26/11/2021;0;1,5;0;0;lecture15;verb;-
